Title,Alternative Title,Description,Language,Cartographer,Publisher,Contributor,Resource Class,Resource Type,Keyword,Date Issued,Temporal Coverage,Date Range,Spatial Coverage,Bounding Box,Member Of,Is Part Of,Code,Rights,Access Rights,Format,File Size,ID,Identifier,Information,Permanent Link,Download
,"Official map of Cheboygan County, Michigan","Scale approximately 1:85,000; Title from verso.",eng,,,Cheboygan County (Mich.)|Board of Commissioners,Maps,cartographic,Roads,1975,,,Cheboygan,W 84 44 02 --W 84 14 51 /N 45 47 19 --N 45 11 54,64bd8c4c-8e60-4956-b43d-bdc3f93db488,06d-02,06d-02,"Creative Commons Public Domain Mark 1.0: This work has been identified as being free of known restrictions under copyright law, including all related and neighboring rights. You can copy, modify, distribute and perform the work, even for commercial purposes, all without asking permission.",Public,image/tiff,339.32 MB,eb7ebdbd-6c50-42d0-896f-e87f678911e5,https://d.lib.msu.edu/maps/1082,https://d.lib.msu.edu/maps/1082,https://n2t.net/ark:/85335/m5ws8kg7n,https://d.lib.msu.edu/maps/1082/datastream/OBJ/Download/
,General highway map,"Scale approximately 1:125,000; Includes index, promotional text, color illustrations, inset of Beaver Island, and 1965 Beaver Island Boat Company schedule.",eng,,,Charlevoix County (Mich.),Maps,cartographic,Roads|Place marketing literature,1965,,,Charlevoix,W 85 50'--W 84 43 /N 45 50 --N 45 06,64bd8c4c-8e60-4956-b43d-bdc3f93db488,06d-02,06d-02,"Creative Commons Public Domain Mark 1.0: This work has been identified as being free of known restrictions under copyright law, including all related and neighboring rights. You can copy, modify, distribute and perform the work, even for commercial purposes, all without asking permission.",Public,image/tiff,203.56 MB,facd27c9-7a68-4a79-adc3-52a406bacd4e,https://d.lib.msu.edu/maps/1031,https://d.lib.msu.edu/maps/1031,https://n2t.net/ark:/85335/m5s758f8c,https://d.lib.msu.edu/maps/1031/datastream/OBJ/Download/
,"General highway map, Arenac County, Michigan","Scale [1:47,520]. 3/4"" = 1 mi; Inset of Charity Island and Little Charity Island.",eng,"Scott Engineering Company (Alpena, Mich.)",,Arenac County Board of Supervisors,Maps,cartographic,Roads|Place marketing literature,1955,,,"Birmingham, Mich.",W 84⁰10 --W 83⁰34 /N 44⁰10 --N43⁰54,64bd8c4c-8e60-4956-b43d-bdc3f93db488,06d-02,06d-02,"Creative Commons Public Domain Mark 1.0: This work has been identified as being free of known restrictions under copyright law, including all related and neighboring rights. You can copy, modify, distribute and perform the work, even for commercial purposes, all without asking permission.",Public,image/tiff,218.71 MB,00168679-2f35-4e6d-94d6-9b63bbefe685,https://d.lib.msu.edu/maps/1073,https://d.lib.msu.edu/maps/1073,https://n2t.net/ark:/85335/m5833pv02,https://d.lib.msu.edu/maps/1073/datastream/OBJ/Download/
,"Road map, Houghton County, state of Michigan","Scale approximately 1:167,000; null",eng,,Houghton County (Mich.)|Board of County Road Commissioners,,Maps,cartographic,Roads,1965,,,"Houghton, Michigan",W 88 59 --W 88 13 /N 47 17 --N 46 25,64bd8c4c-8e60-4956-b43d-bdc3f93db488,06d-02,06d-02,"Creative Commons Public Domain Mark 1.0: This work has been identified as being free of known restrictions under copyright law, including all related and neighboring rights. You can copy, modify, distribute and perform the work, even for commercial purposes, all without asking permission.",Public,image/tiff,206.22 MB,ba0c2d84-2c0c-4b8c-9bed-9bf46a59c736,https://d.lib.msu.edu/maps/1016,https://d.lib.msu.edu/maps/1016,https://n2t.net/ark:/85335/m56971t6m,https://d.lib.msu.edu/maps/1016/datastream/OBJ/Download/
,"General highway map, Iosco County, 1964","Scale approximately 1:100,000; Shows county house numbering system.",eng,Iosco County Road Commission,,,Maps,cartographic,Roads,1964,,,"East Tawas, Michigan",W 83 53 11 --W 83 18 57 /N 44 30 42 --N 44 09 42,64bd8c4c-8e60-4956-b43d-bdc3f93db488,06d-02,06d-02,"Creative Commons Public Domain Mark 1.0: This work has been identified as being free of known restrictions under copyright law, including all related and neighboring rights. You can copy, modify, distribute and perform the work, even for commercial purposes, all without asking permission.",Public,image/tiff,197.24 MB,092c9b58-60d3-4c90-8330-b5c58abfb1f9,https://d.lib.msu.edu/maps/1019,https://d.lib.msu.edu/maps/1019,https://n2t.net/ark:/85335/m5w08zc2h,https://d.lib.msu.edu/maps/1019/datastream/OBJ/Download/
,"General highway map, Huron County","Scale approximately 1:63,360; Stamped ""Strictly confidential. The Michigan State Highway Department requests you to treat this information strictly confidential."".",eng,Michigan|State Highway Department,Michigan|State Highway Department,United States|Public Roads Administration,Maps,cartographic,Roads,1940,,,"Lansing, Michigan",W 83 29 46 --W 82 36 16 /N 44 04 12 --N 43 40 03,64bd8c4c-8e60-4956-b43d-bdc3f93db488,06d-02,06d-02,"Creative Commons Public Domain Mark 1.0: This work has been identified as being free of known restrictions under copyright law, including all related and neighboring rights. You can copy, modify, distribute and perform the work, even for commercial purposes, all without asking permission.",Public,image/tiff,811.25 MB,23d3f8f9-43c0-48a7-9de1-6d349e640693,https://d.lib.msu.edu/maps/1017,https://d.lib.msu.edu/maps/1017,https://n2t.net/ark:/85335/m5zs2n874,https://d.lib.msu.edu/maps/1017/datastream/OBJ/Download/
,Road map of Kalamazoo County,"Scale approximately 1:125,000; Scale determined from section lines.",eng,Kalamazoo County Road Commission,,,Maps,cartographic,Roads|Place marketing literature,1965,,,"Kalamazoo, Michigan",W 85 45 57 --W 85 17 33 /N 42 25 17 --N 42 04 11,64bd8c4c-8e60-4956-b43d-bdc3f93db488,06d-02,06d-02,"Creative Commons Public Domain Mark 1.0: This work has been identified as being free of known restrictions under copyright law, including all related and neighboring rights. You can copy, modify, distribute and perform the work, even for commercial purposes, all without asking permission.",Public,image/tiff,230.45 MB,86d72c4e-6e00-4369-a92f-e79fe6fd48ac,https://d.lib.msu.edu/maps/1025,https://d.lib.msu.edu/maps/1025,https://n2t.net/ark:/85335/m5d50ht1t,https://d.lib.msu.edu/maps/1025/datastream/OBJ/Download/
,"Branch County, Michigan","Scale approximately 1:130,000; Indexed.",eng,,,,Maps,cartographic,Roads,1966,,,Place of publication not identified,"W 85 17 37--W 84 49 27""/N 42 04 24--N 41 45 33",64bd8c4c-8e60-4956-b43d-bdc3f93db488,06d-02,06d-02,"Creative Commons Public Domain Mark 1.0: This work has been identified as being free of known restrictions under copyright law, including all related and neighboring rights. You can copy, modify, distribute and perform the work, even for commercial purposes, all without asking permission.",Public,image/tiff,177.59 MB,bcd13026-0c4f-42dd-a01a-2d8548498aa3,https://d.lib.msu.edu/maps/1064,https://d.lib.msu.edu/maps/1064,https://n2t.net/ark:/85335/m5r49j569,https://d.lib.msu.edu/maps/1064/datastream/OBJ/Download/
,"Antrim County, Michigan","Scale approximately 1:107,000; Panel title: Official map of Antrim County, Michigan.",eng,,,Antrim County Road Commission,Maps,cartographic,Roads|Place marketing literature,1970,,,"Mancelona, Mich.",W 85 26 39 --W 84 50 53 /N 45 12 28 --N 44 48 51,64bd8c4c-8e60-4956-b43d-bdc3f93db488,06d-02,06d-02,"Creative Commons Public Domain Mark 1.0: This work has been identified as being free of known restrictions under copyright law, including all related and neighboring rights. You can copy, modify, distribute and perform the work, even for commercial purposes, all without asking permission.",Public,image/tiff,195.75 MB,1a61e1a8-12e7-4e02-b3e7-786995853d25,https://d.lib.msu.edu/maps/1042,https://d.lib.msu.edu/maps/1042,https://n2t.net/ark:/85335/m5ft8gf4t,https://d.lib.msu.edu/maps/1042/datastream/OBJ/Download/
,"Official map of Alcona County, Michigan","Scale approximately 1:100,000; Includes location map.",eng,,,Alcona County Road Commission,Maps,cartographic,Roads,1972,,,"Lincoln, Mich.",W 83 52 --W 083 15 /N 44 51 --N 44 30,64bd8c4c-8e60-4956-b43d-bdc3f93db488,06d-02,06d-02,"Creative Commons Public Domain Mark 1.0: This work has been identified as being free of known restrictions under copyright law, including all related and neighboring rights. You can copy, modify, distribute and perform the work, even for commercial purposes, all without asking permission.",Public,image/tiff,206.73 MB,ff02ef16-0f78-4e8b-842a-7e907d0c0b76,https://d.lib.msu.edu/maps/1037,https://d.lib.msu.edu/maps/1037,https://n2t.net/ark:/85335/m5cv4dn3d,https://d.lib.msu.edu/maps/1037/datastream/OBJ/Download/
,"Official road map, Ionia County, Michigan","Scale approximately 1:98,000; Publication date estimated from completion of U.S. Route 16 as an expressway, not yet designated as Interstate 96.",eng,Ionia County Road Commission,,,Maps,cartographic,Roads,1962,,,"Ionia, Michigan",W 85 18 48 --W 84 50 15 /N 43 07 14 --N 42 46 09,64bd8c4c-8e60-4956-b43d-bdc3f93db488,06d-02,06d-02,"Creative Commons Public Domain Mark 1.0: This work has been identified as being free of known restrictions under copyright law, including all related and neighboring rights. You can copy, modify, distribute and perform the work, even for commercial purposes, all without asking permission.",Public,image/tiff,194.43 MB,7d607e73-3397-4513-a580-ed7f4ce5004c,https://d.lib.msu.edu/maps/1028,https://d.lib.msu.edu/maps/1028,https://n2t.net/ark:/85335/m5mg7hr5g,https://d.lib.msu.edu/maps/1028/datastream/OBJ/Download/
,Come to Gladwin County,"Scale approximately 1:110,000; Title from panel.",eng,,Gladwin County Chamber of Commerce,,Maps,cartographic,Roads|Advertising,1977,,,"Gladwin, Michigan",W 84 36 29 --W 84 09 57 /N 44 09 42 --N 43 48 48,64bd8c4c-8e60-4956-b43d-bdc3f93db488,06d-02,06d-02,"Creative Commons Public Domain Mark 1.0: This work has been identified as being free of known restrictions under copyright law, including all related and neighboring rights. You can copy, modify, distribute and perform the work, even for commercial purposes, all without asking permission.",Public,image/tiff,185.6 MB,3be5b730-9484-4e3d-9cc1-5053e6c41865,https://d.lib.msu.edu/maps/1104,https://d.lib.msu.edu/maps/1104,https://n2t.net/ark:/85335/m5v69b789,https://d.lib.msu.edu/maps/1104/datastream/OBJ/Download/
,"Road map of Berrien County, Michigan","Scale approximately 1:100,000; Folded title: Official road map, Berrien County, Michigan.",eng,,,Berrien County (Mich.)|Board of County Road Commissioners,Maps,cartographic,Roads,1962,,,"Benton Harbor, Mich.",W 86 49 32 --W 86 13 22 /N 42 14 43 --N 41 45 34,64bd8c4c-8e60-4956-b43d-bdc3f93db488,06d-02,06d-02,"Creative Commons Public Domain Mark 1.0: This work has been identified as being free of known restrictions under copyright law, including all related and neighboring rights. You can copy, modify, distribute and perform the work, even for commercial purposes, all without asking permission.",Public,image/tiff,242.44 MB,014686a6-970b-49c9-b71a-e04e71592a02,https://d.lib.msu.edu/maps/1057,https://d.lib.msu.edu/maps/1057,https://n2t.net/ark:/85335/m50k2871g,https://d.lib.msu.edu/maps/1057/datastream/OBJ/Download/
,"Road map of Jackson County, Michigan","Scale approximately 1:135,000; Scale determined from section lines.",eng,,Jackson County Road Commission,Jackson County (Mich.)|Board of County Road Commissioners,Maps,cartographic,Roads,1964,,,"Jackson, Michigan",W 84 43 14 --W 84 07 50 /N 42 25 28 --N 42 04 13,64bd8c4c-8e60-4956-b43d-bdc3f93db488,06d-02,06d-02,"Creative Commons Public Domain Mark 1.0: This work has been identified as being free of known restrictions under copyright law, including all related and neighboring rights. You can copy, modify, distribute and perform the work, even for commercial purposes, all without asking permission.",Public,image/tiff,266.38 MB,95435499-8209-4793-a4b4-1535b9d3eb79,https://d.lib.msu.edu/maps/1022,https://d.lib.msu.edu/maps/1022,https://n2t.net/ark:/85335/m54j0ct1g,https://d.lib.msu.edu/maps/1022/datastream/OBJ/Download/
,"Official map of Chippewa County, Michigan","Scale [ca.1:200,000]; Includes illustrations, location map and inset map of Drummond Island.",eng,,,Board of County Road Commissioners of the County of Chippewa (Mich.),Maps,cartographic,Roads,1966/1969,,,"Sault Ste. Marie, Mich.",W85 15 --W83 28 /N46 46 --N45 54,64bd8c4c-8e60-4956-b43d-bdc3f93db488,06d-02,06d-02,"Creative Commons Public Domain Mark 1.0: This work has been identified as being free of known restrictions under copyright law, including all related and neighboring rights. You can copy, modify, distribute and perform the work, even for commercial purposes, all without asking permission.",Public,image/tiff,212.42 MB,5e49e9d8-1a31-4c7c-8033-31defb9ed754,https://d.lib.msu.edu/maps/1063,https://d.lib.msu.edu/maps/1063,https://n2t.net/ark:/85335/m5gq6sz1b,https://d.lib.msu.edu/maps/1063/datastream/OBJ/Download/
,Road map of Ingham County,"Scale approximately 1:80,000; Includes index to roads.",eng,,,Ingham County Road Commission,Maps,cartographic,Roads,1965,,,"Mason, Mich.",W 84⁰36 --W 84⁰08 /N 42⁰46 --N 42⁰25,64bd8c4c-8e60-4956-b43d-bdc3f93db488,06d-02,06d-02,"Creative Commons Public Domain Mark 1.0: This work has been identified as being free of known restrictions under copyright law, including all related and neighboring rights. You can copy, modify, distribute and perform the work, even for commercial purposes, all without asking permission.",Public,image/tiff,268.76 MB,eccad6ca-c4f9-47d2-96f8-66d1bce77e4d,https://d.lib.msu.edu/maps/1060,https://d.lib.msu.edu/maps/1060,https://n2t.net/ark:/85335/m5sf2p754,https://d.lib.msu.edu/maps/1060/datastream/OBJ/Download/
,"Map of Bay County, Michigan","Scale approximately 1:150,000; Donald C. Haske, county engineer, Bay County Road Commission.",eng,,,"Haske, Donald C.",Maps,cartographic,Roads,1967,,,"Bay City, Mich.",W 84 10 05 --W 83 41 54 /N 43 59 49 --N 43 28 43,64bd8c4c-8e60-4956-b43d-bdc3f93db488,06d-02,06d-02,"Creative Commons Public Domain Mark 1.0: This work has been identified as being free of known restrictions under copyright law, including all related and neighboring rights. You can copy, modify, distribute and perform the work, even for commercial purposes, all without asking permission.",Public,image/tiff,144.6 MB,2e61a1e1-a258-463c-b5bb-223c4c74992d,https://d.lib.msu.edu/maps/1079,https://d.lib.msu.edu/maps/1079,https://n2t.net/ark:/85335/m57942q5c,https://d.lib.msu.edu/maps/1079/datastream/OBJ/Download/
,"Official map of Clare County, Michigan","Scale approximately 1:100,000; Includes index of lakes.",eng,,,,Maps,cartographic,Roads,1945,,,"Clare, Michigan",W 85 05 20 --W 84 36 22 /N 44 09 47 --N 43 48 44,64bd8c4c-8e60-4956-b43d-bdc3f93db488,06d-02,06d-02,"Creative Commons Public Domain Mark 1.0: This work has been identified as being free of known restrictions under copyright law, including all related and neighboring rights. You can copy, modify, distribute and perform the work, even for commercial purposes, all without asking permission.",Public,image/tiff,192.25 MB,ad52364b-3fb8-428c-9d8e-73654f57259b,https://d.lib.msu.edu/maps/1070,https://d.lib.msu.edu/maps/1070,https://n2t.net/ark:/85335/m58913m63,https://d.lib.msu.edu/maps/1070/datastream/OBJ/Download/
,"Road map of Delta County, Michigan","Scale approximately 1:175,000; Includes location map.",eng,,,Delta County Road Commission,Maps,cartographic,Roads,1958,,,Escanaba,W 87 22 15 --W 86 27 41 /N 46 09 32 --N 45 28 38,64bd8c4c-8e60-4956-b43d-bdc3f93db488,06d-02,06d-02,"Creative Commons Public Domain Mark 1.0: This work has been identified as being free of known restrictions under copyright law, including all related and neighboring rights. You can copy, modify, distribute and perform the work, even for commercial purposes, all without asking permission.",Public,image/tiff,138.58 MB,04bee688-34fb-4883-9eda-44d8536c13a0,https://d.lib.msu.edu/maps/1054,https://d.lib.msu.edu/maps/1054,https://n2t.net/ark:/85335/m5q52h854,https://d.lib.msu.edu/maps/1054/datastream/OBJ/Download/
,"Map of Alger County, Michigan","Scale approximately 1:189,000; Shows roads, locations and township and range lines.",eng,,Standard Map Company,Alger County (Mich.)|Road Commission,Maps,cartographic,Roads,1952,,,"Chicago, Ill.","W 87 06'00""--W 85 51'00""/N 46 41'00""--N 46 09'00""",64bd8c4c-8e60-4956-b43d-bdc3f93db488,06d-02,06d-02,"Creative Commons Public Domain Mark 1.0: This work has been identified as being free of known restrictions under copyright law, including all related and neighboring rights. You can copy, modify, distribute and perform the work, even for commercial purposes, all without asking permission.",Public,image/tiff,141.22 MB,2ed08b43-ec9c-412f-b335-60251762a9fd,https://d.lib.msu.edu/maps/1093,https://d.lib.msu.edu/maps/1093,https://n2t.net/ark:/85335/m5ng4jn66,https://d.lib.msu.edu/maps/1093/datastream/OBJ/Download/
,"An invitation and a guide to the Allegan, Michigan, area's streams, lakes, forests",Scale not given; Title from panel.,eng,,Allegan Improvement Association (Mich.),Allegan County Road Commission,Maps,cartographic,Roads|Outdoor recreation|Description and travel,1958,,,"Allegan, Michigan",W 86 16 25 --W 85 32 34 /N 42 46 08 --N 42 25 07,64bd8c4c-8e60-4956-b43d-bdc3f93db488,06d-02,06d-02,"Creative Commons Public Domain Mark 1.0: This work has been identified as being free of known restrictions under copyright law, including all related and neighboring rights. You can copy, modify, distribute and perform the work, even for commercial purposes, all without asking permission.",Public,image/tiff,212.14 MB,d2db11c7-e40f-4dec-93c2-358c6e1ec74e,https://d.lib.msu.edu/maps/1098,https://d.lib.msu.edu/maps/1098,https://n2t.net/ark:/85335/m5pc2w534,https://d.lib.msu.edu/maps/1098/datastream/OBJ/Download/
,"Road map of Clinton County, Michigan","Scale [1:126,720]. 1/2 in. = 1 mile; Panel title: Clinton County, Michigan.",eng,,W.S. McAlpine Map Co.,Clinton County Road Commission (Mich.),Maps,cartographic,Roads,1966,,,"Birmingham, Mich.",W 84 50 00 --W 84 23 00 /N 43 07 00 --N 42 46 30,64bd8c4c-8e60-4956-b43d-bdc3f93db488,06d-02,06d-02,"Creative Commons Public Domain Mark 1.0: This work has been identified as being free of known restrictions under copyright law, including all related and neighboring rights. You can copy, modify, distribute and perform the work, even for commercial purposes, all without asking permission.",Public,image/tiff,118.9 MB,1bdee955-67e1-4be0-8786-027b9249c1f9,https://d.lib.msu.edu/maps/1067,https://d.lib.msu.edu/maps/1067,https://n2t.net/ark:/85335/m52f7mm9j,https://d.lib.msu.edu/maps/1067/datastream/OBJ/Download/
,"Calhoun County, Michigan","Scale approximately 1:100,000; Location map on verso.",eng,,,Calhoun County Road Commission,Maps,cartographic,Roads,1956,,,"Birmingham, Mich.",W 85 17 58 --W 84 42 34 /N 42 25 19 --N 42 04 13,64bd8c4c-8e60-4956-b43d-bdc3f93db488,06d-02,06d-02,"Creative Commons Public Domain Mark 1.0: This work has been identified as being free of known restrictions under copyright law, including all related and neighboring rights. You can copy, modify, distribute and perform the work, even for commercial purposes, all without asking permission.",Public,image/tiff,233.78 MB,c0e0086b-ea90-4d28-9bc3-04ee0d44b9f5,https://d.lib.msu.edu/maps/1065,https://d.lib.msu.edu/maps/1065,https://n2t.net/ark:/85335/m55b00x7d,https://d.lib.msu.edu/maps/1065/datastream/OBJ/Download/
,"Official road map of Eaton County, Michigan","Scale approximately 1:84,500; Includes road index.",eng,,,,Maps,cartographic,Roads,1962,,,"Charlotte, Michigan?",W 85 04 32 --W 84 36 01 /N 42 46 14 --N 42 25 17,64bd8c4c-8e60-4956-b43d-bdc3f93db488,06d-02,06d-02,"Creative Commons Public Domain Mark 1.0: This work has been identified as being free of known restrictions under copyright law, including all related and neighboring rights. You can copy, modify, distribute and perform the work, even for commercial purposes, all without asking permission.",Public,image/tiff,296.43 MB,ec68d9fe-51ca-4f29-b376-f0515b19f038,https://d.lib.msu.edu/maps/1101,https://d.lib.msu.edu/maps/1101,https://n2t.net/ark:/85335/m5hm54f7j,https://d.lib.msu.edu/maps/1101/datastream/OBJ/Download/
,"1975 highway map, Genesee County, Michigan","Scale approximately 1:85,000; Includes indexes and distance chart.",eng,,Board of County Road Commissioners of the County of Genesee (Mich.),,Maps,cartographic,Roads|Parks,1975,,,"Flint, Michigan",W 83 55 00 --W 83 27 00 /N 43 13 00 --N 42 46 00,64bd8c4c-8e60-4956-b43d-bdc3f93db488,06d-02,06d-02,"Creative Commons Public Domain Mark 1.0: This work has been identified as being free of known restrictions under copyright law, including all related and neighboring rights. You can copy, modify, distribute and perform the work, even for commercial purposes, all without asking permission.",Public,image/tiff,361.96 MB,4d0da1d6-8efe-4485-9bbb-dd2385e1cfc3,https://d.lib.msu.edu/maps/1085,https://d.lib.msu.edu/maps/1085,https://n2t.net/ark:/85335/m5dz04x7f,https://d.lib.msu.edu/maps/1085/datastream/OBJ/Download/
,"Official county road map of Crawford County, Michigan","Scale approximately 1:120,000; Includes ancillary map of Grayling, location map, and text including a description of ""Michigan's Great Divide"" between the Manistee River and the Au Sable River.",eng,Crawford County Road Commission,,Cadillac Printing Company,Maps,cartographic,Roads,1961,,,"Grayling, Mich",W 84 51 12 --W 84 22 22 /N 44 51 28 --N 44 30 26,64bd8c4c-8e60-4956-b43d-bdc3f93db488,06d-02,06d-02,"Creative Commons Public Domain Mark 1.0: This work has been identified as being free of known restrictions under copyright law, including all related and neighboring rights. You can copy, modify, distribute and perform the work, even for commercial purposes, all without asking permission.",Public,image/tiff,125.25 MB,c2b5498b-812e-495a-a74d-fbf5bfd4efb0,https://d.lib.msu.edu/maps/1048,https://d.lib.msu.edu/maps/1048,https://n2t.net/ark:/85335/m5kk9680j,https://d.lib.msu.edu/maps/1048/datastream/OBJ/Download/
,"General highway map, Benzie County","Scale approximately 1:95,040; Sponsored by: Benzie County Road Commission, Benzie County Board of Supervisors, and Chambers of Commerce.",eng,,,"Mead, Cecil A.|1906-1982",Maps,cartographic,Roads|Place marketing literature,1958,,,"Honor, Mich.?",W 86 15 33 --W 85 48 57 /N 44 46 39 --N 44 30 42,64bd8c4c-8e60-4956-b43d-bdc3f93db488,06d-02,06d-02,"Creative Commons Public Domain Mark 1.0: This work has been identified as being free of known restrictions under copyright law, including all related and neighboring rights. You can copy, modify, distribute and perform the work, even for commercial purposes, all without asking permission.",Public,image/tiff,127.51 MB,57560778-a4d4-464c-91d8-e9e2519d985f,https://d.lib.msu.edu/maps/1091,https://d.lib.msu.edu/maps/1091,https://n2t.net/ark:/85335/m5x060824,https://d.lib.msu.edu/maps/1091/datastream/OBJ/Download/
,Grand Traverse County,"Scale approximately 1:63,360; Shows public survey grid, water features, transportation and recreation facilities.",eng,Sportsman's County Map Service,Sportsman's County Map Service,,Maps,cartographic,,1953,,,"Detroit, Mich.",W 85 49 13 --W 85 19 54 /N 45 00 01 --N 44 30 41,64bd8c4c-8e60-4956-b43d-bdc3f93db488,06d-02,06d-02,"Creative Commons Public Domain Mark 1.0: This work has been identified as being free of known restrictions under copyright law, including all related and neighboring rights. You can copy, modify, distribute and perform the work, even for commercial purposes, all without asking permission.",Public,image/tiff,367 MB,8179d66a-1fdc-451f-bfbc-8bbdb322f4fb,https://d.lib.msu.edu/maps/1076,https://d.lib.msu.edu/maps/1076,https://n2t.net/ark:/85335/m5fx75t8m,https://d.lib.msu.edu/maps/1076/datastream/OBJ/Download/
,Spend your vacation in the Thumb of Michigan,Scale not given; Relief shown pictorially.,eng,Southeastern Michigan Tourist and Publicity Association,,,Maps,cartographic,Place marketing literature,1931/1933,,,"Detroit, Mich.",W 84 08 --W 82 18 /N 44 07 --N 41 38,64bd8c4c-8e60-4956-b43d-bdc3f93db488,06d-02,06d-02,"Creative Commons Public Domain Mark 1.0: This work has been identified as being free of known restrictions under copyright law, including all related and neighboring rights. You can copy, modify, distribute and perform the work, even for commercial purposes, all without asking permission.",Public,image/tiff,221.27 MB,f5e36da2-4ced-447a-a6b5-454cb288751f,https://d.lib.msu.edu/maps/1095,https://d.lib.msu.edu/maps/1095,https://n2t.net/ark:/85335/m5pg1kj4g,https://d.lib.msu.edu/maps/1095/datastream/OBJ/Download/
,Gogebic County official recreational map,"Scale approximately 1:144,000; Relief shown pictorially.",eng,,,Gogebic County Board of Supervisors,Maps,cartographic,Outdoor recreation|Place marketing literature,1957,,,"Bessemer, Michigan",W 90 25 06 --W 88 59 24 /N 46 46 04 --N 46 05 50,64bd8c4c-8e60-4956-b43d-bdc3f93db488,06d-02,06d-02,"Creative Commons Public Domain Mark 1.0: This work has been identified as being free of known restrictions under copyright law, including all related and neighboring rights. You can copy, modify, distribute and perform the work, even for commercial purposes, all without asking permission.",Public,image/tiff,471.96 MB,405d7c2c-fc53-4e98-8b31-ebd875e8869b,https://d.lib.msu.edu/maps/1051,https://d.lib.msu.edu/maps/1051,https://n2t.net/ark:/85335/m54b30163,https://d.lib.msu.edu/maps/1051/datastream/OBJ/Download/
,Alpena County,"Scale approximately 1:85,000; Panel title: General highway map of Alpena County, Michigan.",eng,,,Alpena County Road Commission,Maps,cartographic,Roads,1963,,,"Alpena, Mich.",W 83 53 18 --W 83 11 25 /N 45 12 25 --N 44 51 23,64bd8c4c-8e60-4956-b43d-bdc3f93db488,06d-02,06d-02,"Creative Commons Public Domain Mark 1.0: This work has been identified as being free of known restrictions under copyright law, including all related and neighboring rights. You can copy, modify, distribute and perform the work, even for commercial purposes, all without asking permission.",Public,image/tiff,308.13 MB,9d27a0c8-e4ea-4577-a42d-469fae39c823,https://d.lib.msu.edu/maps/1039,https://d.lib.msu.edu/maps/1039,https://n2t.net/ark:/85335/m5kd1sg10,https://d.lib.msu.edu/maps/1039/datastream/OBJ/Download/
,Official map of Baraga County,"Scale approximately 1:115,000; Panel title: Visit ... Baraga County in Michigan's Upper Peninsula.",eng,,,Baraga County (Mich.)|Board of County Road Commissioners,Maps,cartographic,Roads|Place marketing literature,1973,,,L'Anse,W 88 40 55 --W 87 59 30 /N 46 58 01 --N 46 25 08,64bd8c4c-8e60-4956-b43d-bdc3f93db488,06d-02,06d-02,"Creative Commons Public Domain Mark 1.0: This work has been identified as being free of known restrictions under copyright law, including all related and neighboring rights. You can copy, modify, distribute and perform the work, even for commercial purposes, all without asking permission.",Public,image/tiff,249.56 MB,4c6926b9-33cf-47c7-bd3e-d2ea518c94f2,https://d.lib.msu.edu/maps/1035,https://d.lib.msu.edu/maps/1035,https://n2t.net/ark:/85335/m50v8cd0h,https://d.lib.msu.edu/maps/1035/datastream/OBJ/Download/
,"Map of Barry County, Michigan","Scale approximately 1:115,000; Folded title: Barry County.",eng,,,Barry County Road Commission,Maps,cartographic,Roads|Place marketing literature,1977,,,Hastings,W 85 32 44 --W 85 04 24 /N 42 46 14 --N 42 25 10,64bd8c4c-8e60-4956-b43d-bdc3f93db488,06d-02,06d-02,"Creative Commons Public Domain Mark 1.0: This work has been identified as being free of known restrictions under copyright law, including all related and neighboring rights. You can copy, modify, distribute and perform the work, even for commercial purposes, all without asking permission.",Public,image/tiff,168.58 MB,f10c4ffa-84a7-446e-b535-7edb896b2078,https://d.lib.msu.edu/maps/1088,https://d.lib.msu.edu/maps/1088,https://n2t.net/ark:/85335/m55h7dq15,https://d.lib.msu.edu/maps/1088/datastream/OBJ/Download/
,"Official highway map, Cass County, Michigan","Scale approximately 1:95,000; Panel title.",eng,,,Cass County Board of Supervisors,Maps,cartographic,Roads|Place marketing literature,1948,,,"Cassopolis, Mich.",W 86 13 31 --W 85 45 33 /N 42 04 17 --N 41 45 32,64bd8c4c-8e60-4956-b43d-bdc3f93db488,06d-02,06d-02,"Creative Commons Public Domain Mark 1.0: This work has been identified as being free of known restrictions under copyright law, including all related and neighboring rights. You can copy, modify, distribute and perform the work, even for commercial purposes, all without asking permission.",Public,image/tiff,198.83 MB,f38ca663-81f8-485c-aba3-b983b5bd5ce5,https://d.lib.msu.edu/maps/1045,https://d.lib.msu.edu/maps/1045,https://n2t.net/ark:/85335/m5fn12n83,https://d.lib.msu.edu/maps/1045/datastream/OBJ/Download/
,"Map of Dickinson County, Michigan","Scale approximately 1:63,000; Cartographic material.",eng,,,Standard Map Company,Maps,cartographic,Roads,1936,,,Chicago,W 88 08 10 --W 87 37 07 /N 46 14 51 --N 45 43 18,64bd8c4c-8e60-4956-b43d-bdc3f93db488,06d-02,06d-02,"Creative Commons Public Domain Mark 1.0: This work has been identified as being free of known restrictions under copyright law, including all related and neighboring rights. You can copy, modify, distribute and perform the work, even for commercial purposes, all without asking permission.",Public,image/tiff,499.97 MB,b2470ae9-03c1-4444-a97a-c4b658df1a4e,https://d.lib.msu.edu/maps/1062,https://d.lib.msu.edu/maps/1062,https://n2t.net/ark:/85335/m56d5r68g,https://d.lib.msu.edu/maps/1062/datastream/OBJ/Download/
,Road map of Emmet County,"Scale approximately 1:116,000; Includes index to roads.",eng,,,Emmet County Road Commission,Maps,cartographic,Roads,1966,,,Petoskey,W 85 07 13 --W 84 43 53 /N 45 47 22 --N 45 16 12,64bd8c4c-8e60-4956-b43d-bdc3f93db488,06d-02,06d-02,"Creative Commons Public Domain Mark 1.0: This work has been identified as being free of known restrictions under copyright law, including all related and neighboring rights. You can copy, modify, distribute and perform the work, even for commercial purposes, all without asking permission.",Public,image/tiff,190.08 MB,5284c407-7bea-4e45-8c59-5b7915babe09,https://d.lib.msu.edu/maps/1033,https://d.lib.msu.edu/maps/1033,https://n2t.net/ark:/85335/m5rf5nb5w,https://d.lib.msu.edu/maps/1033/datastream/OBJ/Download/
